Vehicle_ID,Frame_ID,Total_Frames,Global_Time,Local_X,Local_Y,Global_X,Global_Y,v_length,v_Width,v_Class,v_Vel,v_Acc,Lane_ID,O_Zone,D_Zone,Int_ID,Section_ID,Direction,Movement,Preceding,Following,Space_Headway,Time_Headway,Location
76,868,"1,016",1118935766700,30.08,345.902,6452070.894,1873104.428,13.9,6.8,2,0,0,2,102,208,0,2,2,1,0,85,0,0,lankershim
76,869,"1,016",1118935766800,30.08,345.905,6452070.894,1873104.428,13.9,6.8,2,0,-0.46,2,102,208,0,2,2,1,0,85,0,0,lankershim
76,870,"1,016",1118935766900,30.083,345.896,6452070.894,1873104.428,13.9,6.8,2,0.04,-0.33,2,102,208,0,2,2,1,0,85,0,0,lankershim
76,871,"1,016",1118935767000,30.085,345.866,6452070.894,1873104.428,13.9,6.8,2,0.24,4.34,2,102,208,0,2,2,1,0,85,0,0,lankershim
76,872,"1,016",1118935767100,30.072,345.865,6452070.877,1873104.378,13.9,6.8,2,1.05,11.34,2,102,208,0,2,2,1,0,85,0,0,lankershim
76,873,"1,016",1118935767200,30.037,346.057,6452070.876,1873104.49,13.9,6.8,2,2.5,11.28,2,102,208,0,2,2,1,0,85,0,0,lankershim
76,874,"1,016",1118935767300,30.004,346.565,6452070.963,1873104.82,13.9,6.8,2,6.48,11.64,2,102,208,0,2,2,1,0,85,0,0,lankershim
76,875,"1,016",1118935767400,29.936,347.646,6452071.154,1873105.332,13.9,6.8,2,13.19,12.55,2,102,208,2,0,2,1,0,85,0,0,lankershim
76,876,"1,016",1118935767500,29.787,349.127,6452071.442,1873106.063,13.9,6.8,2,18.11,11.79,2,102,208,2,0,2,1,0,85,0,0,lankershim
76,877,"1,016",1118935767600,29.592,351.029,6452071.796,1873106.955,13.9,6.8,2,19.09,-11.31,2,102,208,2,0,2,1,0,85,0,0,lankershim
76,878,"1,016",1118935767700,29.414,352.712,6452072.199,1873107.799,13.9,6.8,2,16.18,-12.37,2,102,208,2,0,2,1,0,85,0,0,lankershim
76,879,"1,016",1118935767800,29.317,354.2,6452072.651,1873108.642,13.9,6.8,2,11.59,-11.7,2,102,208,2,0,2,1,0,85,0,0,lankershim
76,880,"1,016",1118935767900,29.268,355.178,6452073.113,1873109.486,13.9,6.8,2,9.57,-0.21,2,102,208,2,0,2,1,0,85,0,0,lankershim
76,881,"1,016",1118935768000,29.204,356.139,6452073.565,1873110.33,13.9,6.8,2,9.55,-0.51,2,102,208,2,0,2,1,0,85,0,0,lankershim
76,882,"1,016",1118935768100,29.14,357.087,6452074.017,1873111.174,13.9,6.8,2,9.53,0.31,2,102,208,2,0,2,1,0,85,0,0,lankershim
76,883,"1,016",1118935768200,29.077,358.013,6452074.469,1873112.018,13.9,6.8,2,9.76,3.96,2,102,208,2,0,2,1,0,85,0,0,lankershim
76,884,"1,016",1118935768300,28.998,358.961,6452074.905,1873112.815,13.9,6.8,2,10.51,10.83,2,102,208,2,0,2,1,0,85,0,0,lankershim
76,885,"1,016",1118935768400,28.885,360.082,6452075.356,1873113.757,13.9,6.8,2,11.88,11.68,2,102,208,2,0,2,1,0,85,0,0,lankershim
76,886,"1,016",1118935768500,28.737,361.359,6452075.89,1873114.912,13.9,6.8,2,13.72,11.68,2,102,208,2,0,2,1,0,85,0,0,lankershim
76,887,"1,016",1118935768600,28.554,362.805,6452076.532,1873116.238,13.9,6.8,2,15.55,11.69,2,102,208,2,0,2,1,0,85,0,0,lankershim
76,888,"1,016",1118935768700,28.335,364.404,6452077.256,1873117.777,13.9,6.8,2,16.94,11.21,2,102,208,2,0,2,1,0,85,0,0,lankershim
76,889,"1,016",1118935768800,28.082,366.171,6452077.987,1873119.451,13.9,6.8,2,17.84,6.05,2,102,208,2,0,2,1,0,85,0,0,lankershim
76,890,"1,016",1118935768900,27.816,367.982,6452078.71,1873121.088,13.9,6.8,2,18.4,4.35,2,102,208,2,0,2,1,0,85,0,0,lankershim
76,891,"1,016",1118935769000,27.565,369.823,6452079.478,1873122.769,13.9,6.8,2,18.85,4.93,2,102,208,2,0,2,1,0,85,0,0,lankershim
76,892,"1,016",1118935769100,27.335,371.706,6452080.304,1873124.511,13.9,6.8,2,19.43,6.62,2,102,208,2,0,2,1,0,85,0,0,lankershim
76,893,"1,016",1118935769200,27.11,373.651,6452081.156,1873126.267,13.9,6.8,2,20.26,9.54,2,102,208,2,0,2,1,0,85,0,0,lankershim
76,894,"1,016",1118935769300,26.882,375.714,6452082.034,1873128.079,13.9,6.8,2,21.41,11.2,2,102,208,2,0,2,1,0,85,0,0,lankershim
76,895,"1,016",1118935769400,26.656,377.92,6452082.996,1873130.066,13.9,6.8,2,22.84,11.19,2,102,208,2,0,2,1,0,85,0,0,lankershim
76,896,"1,016",1118935769500,26.44,380.259,6452084.079,1873132.163,13.9,6.8,2,24.26,11.21,2,102,208,2,0,2,1,0,85,0,0,lankershim
76,897,"1,016",1118935769600,26.228,382.741,6452085.259,1873134.427,13.9,6.8,2,25.45,10.04,2,102,208,2,0,2,1,0,85,0,0,lankershim
76,898,"1,016",1118935769700,25.989,385.342,6452086.452,1873136.755,13.9,6.8,2,26.33,8.6,2,102,208,2,0,2,1,0,85,0,0,lankershim
76,899,"1,016",1118935769800,25.687,388.004,6452087.608,1873139.14,13.9,6.8,2,27.03,8.38,2,102,208,2,0,2,1,0,85,0,0,lankershim
76,900,"1,016",1118935769900,25.313,390.721,6452088.741,1873141.641,13.9,6.8,2,27.6,6.75,2,102,208,2,0,2,1,0,85,0,0,lankershim
76,901,"1,016",1118935770000,24.884,393.491,6452089.854,1873144.23,13.9,6.8,2,27.99,3.4,2,102,208,2,0,2,1,0,85,0,0,lankershim
76,902,"1,016",1118935770100,24.434,396.285,6452090.964,1873146.836,13.9,6.8,2,28.18,0.63,2,102,208,2,0,2,1,0,85,0,0,lankershim
76,903,"1,016",1118935770200,23.986,399.076,6452092.078,1873149.425,13.9,6.8,2,28.21,-0.29,2,102,208,2,0,2,1,0,85,0,0,lankershim
76,904,"1,016",1118935770300,23.545,401.862,6452093.192,1873152.013,13.9,6.8,2,28.17,-0.46,2,102,208,2,0,2,1,0,85,0,0,lankershim
76,905,"1,016",1118935770400,23.107,404.641,6452094.305,1873154.602,13.9,6.8,2,28.13,-0.3,2,102,208,2,0,2,1,0,85,0,0,lankershim
76,906,"1,016",1118935770500,22.669,407.4,6452095.419,1873157.19,13.9,6.8,2,28.27,2.48,2,102,208,2,0,2,1,0,85,0,0,lankershim
76,907,"1,016",1118935770600,22.222,410.168,6452096.515,1873159.744,13.9,6.8,2,28.84,8.21,2,102,208,2,0,2,1,0,85,0,0,lankershim
76,908,"1,016",1118935770700,21.76,413.051,6452097.628,1873162.373,13.9,6.8,2,29.94,11.25,2,102,208,2,0,2,1,0,85,0,0,lankershim
76,909,"1,016",1118935770800,21.289,416.093,6452098.829,1873165.195,13.9,6.8,2,31.48,11.24,2,102,208,2,0,2,1,0,85,0,0,lankershim
76,910,"1,016",1118935770900,20.807,419.276,6452100.146,1873168.146,13.9,6.8,2,33.03,11.25,2,102,208,2,0,2,1,0,85,0,0,lankershim
76,911,"1,016",1118935771000,20.316,422.618,6452101.55,1873171.289,13.9,6.8,2,34.14,8.21,2,102,208,2,0,2,1,0,85,0,0,lankershim
76,912,"1,016",1118935771100,19.809,426.075,6452102.971,1873174.508,13.9,6.8,2,34.7,2.49,2,102,208,2,0,2,1,0,85,0,0,lankershim
76,913,"1,016",1118935771200,19.293,429.54,6452104.374,1873177.692,13.9,6.8,2,34.85,-0.3,2,102,208,2,0,2,1,0,85,0,0,lankershim
76,914,"1,016",1118935771300,18.778,432.988,6452105.778,1873180.876,13.9,6.8,2,34.8,-0.63,2,102,208,2,0,2,1,0,85,0,0,lankershim
76,915,"1,016",1118935771400,18.265,436.426,6452107.182,1873184.06,13.9,6.8,2,34.74,-0.55,2,102,208,2,0,2,1,0,85,0,0,lankershim
76,916,"1,016",1118935771500,17.751,439.845,6452108.585,1873187.244,13.9,6.8,2,34.82,1.56,2,102,208,2,0,2,1,0,85,0,0,lankershim
76,917,"1,016",1118935771600,17.232,443.263,6452109.967,1873190.402,13.9,6.8,2,35.27,6.81,2,102,208,2,0,2,1,0,85,0,0,lankershim
76,918,"1,016",1118935771700,16.719,446.767,6452111.37,1873193.585,13.9,6.8,2,36.22,11.06,2,102,208,2,0,2,1,0,85,0,0,lankershim
76,919,"1,016",1118935771800,16.228,450.432,6452112.893,1873196.944,13.9,6.8,2,37.6,10.97,2,102,208,2,0,2,1,0,85,0,0,lankershim
76,920,"1,016",1118935771900,15.748,454.3,6452114.543,1873200.401,13.9,6.8,2,38.06,-4.22,2,102,208,2,0,2,1,0,85,0,0,lankershim
76,921,"1,016",1118935772000,15.292,458.079,6452116.313,1873204.034,13.9,6.8,2,36.91,-14.32,2,102,208,2,0,2,1,0,85,0,0,lankershim
76,922,"1,016",1118935772100,14.959,461.714,6452118.104,1873207.693,13.9,6.8,2,35.85,-15.56,2,102,208,2,0,2,1,0,85,0,0,lankershim
76,923,"1,016",1118935772200,14.753,465.124,6452119.873,1873211.325,13.9,6.8,2,35.93,0,2,102,208,2,0,2,1,0,85,0,0,lankershim
76,924,"1,016",1118935772300,14.69,468.816,6452121.643,1873214.957,13.9,6.8,2,37.37,8.59,2,102,208,2,0,2,1,0,85,0,0,lankershim
76,925,"1,016",1118935772400,14.723,472.609,6452123.412,1873218.589,13.9,6.8,2,39.44,11.3,2,102,208,2,0,2,1,0,85,0,0,lankershim
76,926,"1,016",1118935772500,14.751,476.687,6452125.181,1873222.221,13.9,6.8,2,40.5,2.5,2,102,208,2,0,2,1,0,85,0,0,lankershim
76,927,"1,016",1118935772600,14.758,480.713,6452126.933,1873225.817,13.9,6.8,2,41.09,8.45,2,102,208,2,0,2,1,0,85,0,0,lankershim
76,928,"1,016",1118935772700,14.759,484.862,6452128.701,1873229.495,13.9,6.8,2,42.22,11.22,2,102,208,0,3,2,1,0,85,0,0,lankershim
76,929,"1,016",1118935772800,14.77,489.169,6452130.561,1873233.366,13.9,6.8,2,43.8,11.26,2,102,208,0,3,2,1,0,85,0,0,lankershim
76,930,"1,016",1118935772900,14.798,493.622,6452132.54,1873237.369,13.9,6.8,2,45.38,11.22,2,102,208,0,3,2,1,0,85,0,0,lankershim
76,931,"1,016",1118935773000,14.834,498.232,6452134.61,1873241.566,13.9,6.8,2,46.51,8.44,2,102,208,0,3,2,1,0,85,0,0,lankershim
76,932,"1,016",1118935773100,14.865,502.967,6452136.697,1873245.844,13.9,6.8,2,47.09,2.46,2,102,208,0,3,2,1,0,85,0,0,lankershim
76,933,"1,016",1118935773200,14.887,507.713,6452138.766,1873250.085,13.9,6.8,2,47.22,-0.64,2,102,208,0,3,2,1,0,85,0,0,lankershim
76,934,"1,016",1118935773300,14.908,512.434,6452140.835,1873254.327,13.9,6.8,2,47.16,-0.81,2,102,208,0,3,2,1,0,85,0,0,lankershim
76,935,"1,016",1118935773400,14.93,517.129,6452142.904,1873258.568,13.9,6.8,2,47.23,1.63,2,102,208,0,3,2,1,0,85,0,0,lankershim
76,936,"1,016",1118935773500,14.947,521.829,6452144.958,1873262.781,13.9,6.8,2,47.67,6.59,2,102,208,0,3,2,1,0,85,0,0,lankershim
76,937,"1,016",1118935773600,14.962,526.604,6452147.026,1873267.032,13.9,6.8,2,48.6,11.21,2,102,208,0,3,2,1,0,85,0,0,lankershim
76,938,"1,016",1118935773700,14.983,531.535,6452149.168,1873271.464,13.9,6.8,2,49.91,11.22,2,102,208,0,3,2,1,0,85,0,0,lankershim
76,939,"1,016",1118935773800,15.013,536.586,6452151.407,1873276.002,13.9,6.8,2,51.22,11.21,2,102,208,0,3,2,1,0,85,0,0,lankershim
76,940,"1,016",1118935773900,15.048,541.794,6452153.72,1873280.72,13.9,6.8,2,51.3,6.59,2,102,208,0,3,2,1,0,85,0,0,lankershim
76,941,"1,016",1118935774000,15.082,547.076,6452156.046,1873285.477,13.9,6.8,2,51.3,1.65,2,102,208,0,3,2,1,0,85,0,0,lankershim
76,942,"1,016",1118935774100,15.11,552.358,6452158.358,1873290.206,13.9,6.8,2,51.3,-0.14,2,102,208,0,3,2,1,0,85,0,0,lankershim
76,943,"1,016",1118935774200,15.138,557.627,6452160.67,1873294.934,13.9,6.8,2,51.3,0.21,2,102,208,0,3,2,1,0,85,0,0,lankershim
76,944,"1,016",1118935774300,15.168,562.912,6452162.981,1873299.663,13.9,6.8,2,51.3,-1.92,2,102,208,0,3,2,1,0,85,0,0,lankershim
76,945,"1,016",1118935774400,15.205,568.194,6452165.312,1873304.422,13.9,6.8,2,51.3,-7.4,2,102,208,0,3,2,1,0,85,0,0,lankershim
76,946,"1,016",1118935774500,15.24,573.379,6452167.625,1873309.132,13.9,6.8,2,51.05,-11.34,2,102,208,0,3,2,1,0,85,0,0,lankershim
76,947,"1,016",1118935774600,15.253,578.406,6452169.84,1873313.657,13.9,6.8,2,49.6,-11.46,2,102,208,0,3,2,1,0,85,0,0,lankershim
76,948,"1,016",1118935774700,15.235,583.3,6452171.929,1873318.07,13.9,6.8,2,48.15,-11.06,2,102,208,0,3,2,1,0,85,0,0,lankershim
76,949,"1,016",1118935774800,15.196,588.035,6452173.921,1873322.299,13.9,6.8,2,47.13,-7.35,2,102,208,0,3,2,1,0,85,0,0,lankershim
76,950,"1,016",1118935774900,15.155,592.674,6452175.895,1873326.478,13.9,6.8,2,46.63,-1.96,2,102,208,0,3,2,1,0,85,0,0,lankershim
76,951,"1,016",1118935775000,15.12,597.308,6452177.887,1873330.688,13.9,6.8,2,46.52,0.41,2,102,208,0,3,2,1,0,85,0,0,lankershim
76,952,"1,016",1118935775100,15.089,601.966,6452179.88,1873334.897,13.9,6.8,2,46.51,0,2,102,208,0,3,2,1,0,85,0,0,lankershim
76,953,"1,016",1118935775200,15.053,606.597,6452181.872,1873339.107,13.9,6.8,2,46.67,2.56,2,102,208,0,3,2,1,0,85,0,0,lankershim
76,954,"1,016",1118935775300,15.006,611.237,6452183.864,1873343.316,13.9,6.8,2,47.62,11.2,2,102,208,0,3,2,1,0,85,0,0,lankershim
76,955,"1,016",1118935775400,14.956,616.152,6452185.792,1873347.48,13.9,6.8,2,49.85,11.08,2,102,208,0,3,2,1,0,85,0,0,lankershim
76,956,"1,016",1118935775500,14.924,621.35,6452187.969,1873352.064,13.9,6.8,2,51.3,10.79,2,102,208,0,3,2,1,0,85,0,0,lankershim
76,957,"1,016",1118935775600,14.918,626.933,6452190.391,1873357.062,13.9,6.8,2,51.3,12.09,2,102,208,0,3,2,1,0,85,0,0,lankershim
76,958,"1,016",1118935775700,14.966,632.919,6452193.05,1873362.495,13.9,6.8,2,51.31,12.38,2,102,208,0,3,2,1,0,85,0,0,lankershim
76,959,"1,016",1118935775800,15.082,639.211,6452195.957,1873368.359,13.9,6.8,2,51.31,6.82,2,102,208,0,3,2,1,0,85,0,0,lankershim
76,960,"1,016",1118935775900,15.246,645.686,6452199.208,1873374.556,13.9,6.8,2,51.31,-11.32,2,102,208,0,3,2,1,0,85,0,0,lankershim
76,961,"1,016",1118935776000,15.393,651.858,6452201.963,1873379.988,13.9,6.8,2,51.31,-12.85,2,102,208,0,3,2,1,0,85,0,0,lankershim
76,962,"1,016",1118935776100,15.454,657.873,6452204.543,1873385.135,13.9,6.8,2,51.3,-13.02,2,102,208,0,3,2,1,0,85,0,0,lankershim
76,963,"1,016",1118935776200,15.432,663.55,6452206.84,1873390.085,13.9,6.8,2,51.3,11.95,2,102,208,0,3,2,1,0,85,0,0,lankershim
76,964,"1,016",1118935776300,15.373,669.599,6452209.38,1873395.416,13.9,6.8,2,51.3,11.51,2,102,208,0,3,2,1,0,85,0,0,lankershim
76,965,"1,016",1118935776400,15.303,675.851,6452211.982,1873401.035,13.9,6.8,2,51.31,11.9,2,102,208,0,3,2,1,0,85,0,0,lankershim
76,966,"1,016",1118935776500,15.193,682.379,6452214.97,1873407.373,13.9,6.8,2,51.32,5.66,2,102,208,0,3,2,1,0,85,0,0,lankershim
76,967,"1,016",1118935776600,15.014,688.978,6452217.694,1873413.467,13.9,6.8,2,51.34,-10.23,2,102,208,0,3,2,1,0,85,0,0,lankershim
76,968,"1,016",1118935776700,14.782,695.373,6452220.215,1873419.301,13.9,6.8,2,51.35,-11.04,2,102,208,0,3,2,1,0,85,0,0,lankershim
76,969,"1,016",1118935776800,14.532,701.599,6452222.621,1873424.835,13.9,6.8,2,51.35,-8.04,2,102,208,0,3,2,1,0,85,0,0,lankershim
76,970,"1,016",1118935776900,14.296,707.668,6452225.069,1873430.442,13.9,6.8,2,51.35,-0.8,2,102,208,0,3,2,1,0,85,0,0,lankershim
76,971,"1,016",1118935777000,14.068,713.763,6452227.517,1873436.049,13.9,6.8,2,51.35,0.62,2,102,208,0,3,2,1,0,85,0,0,lankershim
76,972,"1,016",1118935777100,13.838,719.881,6452229.965,1873441.656,13.9,6.8,2,51.35,-0.13,2,102,208,0,3,2,1,0,85,0,0,lankershim
76,973,"1,016",1118935777200,13.602,725.988,6452232.413,1873447.263,13.9,6.8,2,51.35,0.22,2,102,208,0,3,2,1,0,85,0,0,lankershim
76,974,"1,016",1118935777300,13.365,732.092,6452234.847,1873452.863,13.9,6.8,2,51.35,1.33,2,102,208,0,3,2,1,0,85,0,0,lankershim
76,975,"1,016",1118935777400,13.143,738.216,6452237.295,1873458.47,13.9,6.8,2,51.34,2.81,2,102,208,0,3,2,1,0,85,0,0,lankershim
76,976,"1,016",1118935777500,12.965,744.394,6452239.812,1873464.109,13.9,6.8,2,51.32,3.51,2,102,208,0,3,2,1,0,85,0,0,lankershim
76,977,"1,016",1118935777600,12.834,750.747,6452242.421,1873469.793,13.9,6.8,2,51.31,-12.33,2,102,208,0,3,2,1,0,85,0,0,lankershim
76,978,"1,016",1118935777700,12.725,756.744,6452245.1,1873475.511,13.9,6.8,2,51.3,0,2,102,208,0,3,2,1,0,85,0,0,lankershim
76,979,"1,016",1118935777800,12.854,762.642,6452247.792,1873481.234,13.9,6.8,2,51.34,0,2,102,208,0,3,2,1,0,85,0,0,lankershim
76,980,"1,016",1118935777900,13.188,768.26,6452250.47,1873486.95,13.9,6.8,2,51.49,15.84,2,102,208,0,3,2,1,0,85,0,0,lankershim
76,981,"1,016",1118935778000,13.723,774.145,6452253.148,1873492.666,13.9,6.8,2,51.75,15.84,2,102,208,0,3,2,1,0,85,0,0,lankershim
76,982,"1,016",1118935778100,14.494,780.129,6452255.826,1873498.382,13.9,6.8,2,51.96,12.95,2,102,208,0,3,2,1,0,85,0,0,lankershim
76,983,"1,016",1118935778200,15.4,786.422,6452258.504,1873504.097,13.9,6.8,2,52.03,1.24,2,102,208,0,3,2,1,0,85,0,0,lankershim
76,984,"1,016",1118935778300,16.258,792.652,6452261.16,1873509.79,13.9,6.8,2,52.06,6.13,2,102,208,0,3,2,1,0,85,0,0,lankershim
76,985,"1,016",1118935778400,17.141,798.932,6452263.836,1873515.504,13.9,6.8,2,52.13,12.19,2,102,208,0,3,2,1,0,85,0,0,lankershim
76,986,"1,016",1118935778500,18.089,805.362,6452266.635,1873521.346,13.9,6.8,2,52.25,13.18,2,102,208,0,3,2,1,0,85,0,0,lankershim
76,987,"1,016",1118935778600,19.121,811.903,6452269.56,1873527.311,13.9,6.8,2,52.36,12.22,2,102,208,0,3,2,1,0,85,0,0,lankershim
76,988,"1,016",1118935778700,20.217,818.595,6452272.608,1873533.404,13.9,6.8,2,52.45,6.15,2,102,208,0,3,2,1,0,85,0,0,lankershim
76,989,"1,016",1118935778800,21.338,825.336,6452275.676,1873539.519,13.9,6.8,2,52.49,1.27,2,102,208,0,3,2,1,0,85,0,0,lankershim
76,990,"1,016",1118935778900,22.459,832.02,6452278.723,1873545.611,13.9,6.8,2,52.49,7.47,2,102,208,0,3,2,1,0,85,0,0,lankershim
76,991,"1,016",1118935779000,23.583,838.836,6452281.769,1873551.704,13.9,6.8,2,52.45,10.85,2,102,208,0,3,2,1,0,85,0,0,lankershim
76,992,"1,016",1118935779100,24.683,845.79,6452284.816,1873557.796,13.9,6.8,2,52.35,4.77,2,102,208,0,3,2,1,0,85,0,0,lankershim
76,993,"1,016",1118935779200,25.703,852.881,6452287.862,1873563.889,13.9,6.8,2,52.23,-9.37,2,102,208,0,3,2,1,0,85,0,0,lankershim
76,994,"1,016",1118935779300,26.63,859.877,6452290.9,1873569.98,13.9,6.8,2,52.14,-11.87,2,102,208,0,3,2,1,0,85,0,0,lankershim
76,995,"1,016",1118935779400,27.506,866.713,6452293.947,1873576.073,13.9,6.8,2,52.11,-6.1,2,102,208,0,3,2,1,0,85,0,0,lankershim
76,996,"1,016",1118935779500,28.408,873.436,6452297.037,1873582.169,13.9,6.8,2,52.15,4.26,2,102,208,0,3,2,1,0,85,0,0,lankershim
76,997,"1,016",1118935779600,29.369,880.232,6452300.185,1873588.27,13.9,6.8,2,52.21,3.42,2,102,208,0,3,2,1,0,85,0,0,lankershim
76,998,"1,016",1118935779700,30.367,887.044,6452303.378,1873594.375,13.9,6.8,2,52.26,1.69,3,102,208,0,3,2,1,0,84,0,0,lankershim
76,999,"1,016",1118935779800,31.378,893.862,6452306.579,1873600.48,13.9,6.8,2,52.28,0.32,3,102,208,0,3,2,1,0,84,0,0,lankershim
76,1000,"1,016",1118935779900,32.388,900.68,6452309.771,1873606.585,13.9,6.8,2,52.28,-0.15,3,102,208,0,3,2,1,0,84,0,0,lankershim
76,1001,"1,016",1118935780000,33.392,907.497,6452312.964,1873612.69,13.9,6.8,2,52.28,-0.23,3,102,208,0,3,2,1,0,84,0,0,lankershim
76,1002,"1,016",1118935780100,34.397,914.311,6452316.156,1873618.795,13.9,6.8,2,52.28,-0.36,3,102,208,0,3,2,1,0,84,0,0,lankershim
76,1003,"1,016",1118935780200,35.407,921.112,6452319.348,1873624.9,13.9,6.8,2,52.27,0.94,3,102,208,0,3,2,1,0,84,0,0,lankershim
76,1004,"1,016",1118935780300,36.477,928.012,6452322.542,1873630.98,13.9,6.8,2,52.15,3.82,3,102,208,0,3,2,1,0,84,0,0,lankershim
76,1005,"1,016",1118935780400,37.281,935.52,6452325.734,1873637.084,13.9,6.8,2,51.84,0,3,102,208,0,3,2,1,0,84,0,0,lankershim
76,1006,"1,016",1118935780500,37.869,943.37,6452328.921,1873643.339,13.9,6.8,2,51.52,0,3,102,208,0,3,2,1,0,84,0,0,lankershim
76,1007,"1,016",1118935780600,38.251,951.615,6452332.101,1873649.705,13.9,6.8,2,51.35,-15.84,3,102,208,0,3,2,1,0,84,0,0,lankershim
76,1008,"1,016",1118935780700,38.339,959.654,6452335.275,1873656.222,13.9,6.8,2,51.31,-11.2,3,102,208,0,3,2,1,0,84,0,0,lankershim
76,1009,"1,016",1118935780800,38.377,967.479,6452338.386,1873662.754,13.9,6.8,2,51.33,0,3,102,208,0,3,2,1,0,84,0,0,lankershim
76,1010,"1,016",1118935780900,38.609,974.783,6452341.737,1873669.27,13.9,6.8,2,51.38,0,3,102,208,0,3,2,1,0,84,0,0,lankershim
76,1011,"1,016",1118935781000,38.987,981.7,6452345.305,1873675.732,13.9,6.8,2,51.44,-9.62,3,102,208,0,3,2,1,0,84,0,0,lankershim
76,1012,"1,016",1118935781100,39.474,988.349,6452348.584,1873681.392,13.9,6.8,2,51.44,-12.74,3,102,208,0,3,2,1,0,84,0,0,lankershim
76,1013,"1,016",1118935781200,39.842,994.764,6452351.569,1873686.751,13.9,6.8,2,51.38,-15.84,3,102,208,0,3,2,1,0,84,0,0,lankershim
76,1014,"1,016",1118935781300,40.008,"1,001.14",6452354.327,1873691.916,13.9,6.8,2,51.31,0,3,102,208,0,3,2,1,0,84,0,0,lankershim
76,1015,"1,016",1118935781400,39.901,"1,008.67",6452356.966,1873697.528,13.9,6.8,2,51.35,15.84,3,102,208,0,3,2,1,0,85,0,0,lankershim
76,1016,"1,016",1118935781500,39.429,"1,016.95",6452359.785,1873703.659,13.9,6.8,2,51.71,15.84,3,102,208,0,3,2,1,0,85,0,0,lankershim
76,1017,"1,016",1118935781600,38.59,"1,025.94",6452363.027,1873710.682,13.9,6.8,2,52.39,0,3,102,208,0,3,2,1,0,85,0,0,lankershim
76,1018,"1,016",1118935781700,37.432,"1,034.89",6452366.273,1873717.876,13.9,6.8,2,53.08,0,3,102,208,3,0,2,1,0,85,0,0,lankershim
76,1019,"1,016",1118935781800,35.931,"1,043.56",6452369.516,1873725.095,13.9,6.8,2,53.4,-11.17,3,102,208,3,0,2,1,0,85,0,0,lankershim
76,1020,"1,016",1118935781900,34.388,"1,051.48",6452372.763,1873732.289,13.9,6.8,2,53.33,-9.91,3,102,208,3,0,2,1,0,85,0,0,lankershim
76,1021,"1,016",1118935782000,32.955,"1,059.12",6452376.029,1873739.32,13.9,6.8,2,53.13,-12.16,3,102,208,3,0,2,1,0,85,0,0,lankershim
76,1022,"1,016",1118935782100,31.625,"1,066.65",6452379.323,1873746.246,13.9,6.8,2,52.94,-9.89,3,102,208,3,0,2,1,0,85,0,0,lankershim
76,1023,"1,016",1118935782200,30.374,"1,074.11",6452382.636,1873753.009,13.9,6.8,2,52.81,-5.2,3,102,208,3,0,2,1,0,85,0,0,lankershim
76,1024,"1,016",1118935782300,29.152,"1,081.50",6452385.953,1873759.747,13.9,6.8,2,52.74,-11.31,3,102,208,3,0,2,1,0,85,0,0,lankershim
76,1025,"1,016",1118935782400,27.895,"1,088.35",6452389.267,1873766.511,13.9,6.8,2,52.5,-15.84,3,102,208,3,0,2,1,0,85,0,0,lankershim
76,1026,"1,016",1118935782500,27.01,"1,094.73",6452392.58,1873773.275,13.9,6.8,2,51.92,-15.84,3,102,208,3,0,2,1,0,85,0,0,lankershim
76,1027,"1,016",1118935782600,26.484,"1,100.70",6452395.894,1873780.039,13.9,6.8,2,51.41,-6.57,3,102,208,3,0,2,1,0,85,0,0,lankershim
76,1028,"1,016",1118935782700,26.333,"1,106.90",6452399.207,1873786.803,13.9,6.8,2,51.32,15.84,3,102,208,3,0,2,1,0,85,0,0,lankershim
76,1029,"1,016",1118935782800,26.535,"1,113.33",6452402.536,1873793.6,13.9,6.8,2,51.48,15.84,3,102,208,3,0,2,1,0,85,0,0,lankershim
76,1030,"1,016",1118935782900,27.117,"1,120.23",6452405.85,1873800.329,13.9,6.8,2,51.55,8.56,3,102,208,3,0,2,1,0,85,0,0,lankershim
76,1031,"1,016",1118935783000,27.623,"1,127.62",6452409.083,1873806.868,13.9,6.8,2,51.54,-11.33,3,102,208,0,4,2,1,0,85,0,0,lankershim
76,1032,"1,016",1118935783100,28.106,"1,134.75",6452412.208,1873813.283,13.9,6.8,2,51.53,-11.26,3,102,208,0,4,2,1,0,85,0,0,lankershim
76,1033,"1,016",1118935783200,28.573,"1,141.72",6452415.253,1873819.508,13.9,6.8,2,51.52,-7.88,3,102,208,0,4,2,1,0,85,0,0,lankershim
76,1034,"1,016",1118935783300,29.045,"1,148.59",6452418.281,1873825.665,13.9,6.8,2,51.52,-2.21,3,102,208,0,4,2,1,0,85,0,0,lankershim
76,1035,"1,016",1118935783400,29.542,"1,155.45",6452421.326,1873831.855,13.9,6.8,2,51.52,-1.11,3,102,208,0,4,2,1,0,85,0,0,lankershim
76,1036,"1,016",1118935783500,30.041,"1,162.32",6452424.396,1873838.031,13.9,6.8,2,51.49,-5.76,3,102,208,0,4,2,1,0,85,0,0,lankershim
76,1037,"1,016",1118935783600,30.485,"1,169.20",6452427.442,1873844.221,13.9,6.8,2,51.42,-10.9,3,102,208,0,4,2,1,0,85,0,0,lankershim
76,1038,"1,016",1118935783700,30.778,"1,176.10",6452430.32,1873850.48,13.9,6.8,2,51.35,-11.04,3,102,208,0,4,2,1,0,85,0,0,lankershim
76,1039,"1,016",1118935783800,30.951,"1,183.03",6452433.096,1873856.831,13.9,6.8,2,51.31,-11.21,3,102,208,0,4,2,1,0,85,0,0,lankershim
76,1040,"1,016",1118935783900,30.974,"1,189.95",6452435.731,1873863.257,13.9,6.8,2,51.3,-13.46,3,102,208,0,4,2,1,0,85,0,0,lankershim
76,1041,"1,016",1118935784000,30.883,"1,196.47",6452438.311,1873869.691,13.9,6.8,2,51.3,-11.44,3,102,208,0,4,2,1,0,85,0,0,lankershim
76,1042,"1,016",1118935784100,30.846,"1,202.80",6452440.738,1873876.083,13.9,6.8,2,51.3,-8.32,3,102,208,0,4,2,1,0,85,0,0,lankershim
76,1043,"1,016",1118935784200,30.908,"1,208.80",6452443.064,1873882.437,13.9,6.8,2,51.31,12.77,3,102,208,0,4,2,1,0,85,0,0,lankershim
76,1044,"1,016",1118935784300,31.062,"1,215.03",6452445.211,1873888.761,13.9,6.8,2,51.31,11.21,3,102,208,0,4,2,1,0,85,0,0,lankershim
76,1045,"1,016",1118935784400,31.228,"1,221.38",6452447.326,1873895.076,13.9,6.8,2,51.31,10.22,3,102,208,0,4,2,1,0,85,0,0,lankershim
76,1046,"1,016",1118935784500,31.337,"1,228.07",6452449.506,1873901.364,13.9,6.8,2,51.3,-9.09,3,102,208,0,4,2,1,0,85,0,0,lankershim
76,1047,"1,016",1118935784600,31.302,"1,234.75",6452451.584,1873907.685,13.9,6.8,2,51.31,12.71,3,102,208,0,4,2,1,0,85,0,0,lankershim
76,1048,"1,016",1118935784700,31.107,"1,241.50",6452453.463,1873914.188,13.9,6.8,2,51.37,13.46,3,102,208,0,4,2,1,0,85,0,0,lankershim
76,1049,"1,016",1118935784800,30.75,"1,248.34",6452455.199,1873920.796,13.9,6.8,2,51.5,12.71,3,102,208,0,4,2,1,0,85,0,0,lankershim
76,1050,"1,016",1118935784900,30.234,"1,255.25",6452456.734,1873927.583,13.9,6.8,2,51.63,10.39,3,102,208,0,4,2,1,0,85,0,0,lankershim
76,1051,"1,016",1118935785000,29.558,"1,262.18",6452458.17,1873934.409,13.9,6.8,2,51.71,3.33,3,102,208,0,4,2,1,0,85,0,0,lankershim
76,1052,"1,016",1118935785100,28.863,"1,269.11",6452459.644,1873941.205,13.9,6.8,2,51.74,-0.47,3,102,208,0,4,2,1,0,85,0,0,lankershim
76,1053,"1,016",1118935785200,28.189,"1,276.04",6452461.118,1873948,13.9,6.8,2,51.73,-0.9,3,102,208,0,4,2,1,0,85,0,0,lankershim
76,1054,"1,016",1118935785300,27.478,"1,282.83",6452462.592,1873954.794,13.9,6.8,2,51.66,-13.83,3,102,208,0,4,2,1,0,85,0,0,lankershim
76,1055,"1,016",1118935785400,26.964,"1,288.90",6452464.066,1873961.587,13.9,6.8,2,51.48,-15.84,3,102,208,0,4,2,1,0,85,0,0,lankershim
76,1056,"1,016",1118935785500,26.727,"1,294.64",6452465.572,1873968.344,13.9,6.8,2,51.31,-15.84,3,102,208,0,4,2,1,0,85,0,0,lankershim
76,1057,"1,016",1118935785600,26.746,"1,300.13",6452467.016,1873975.176,13.9,6.8,2,51.34,15.84,3,102,208,0,4,2,1,0,85,0,0,lankershim
76,1058,"1,016",1118935785700,27.007,"1,306.02",6452468.271,1873982.201,13.9,6.8,2,51.46,14.52,3,102,208,0,4,2,1,0,85,0,0,lankershim
76,1059,"1,016",1118935785800,27.575,"1,312.39",6452469.407,1873989.354,13.9,6.8,2,51.48,8.68,3,102,208,0,4,2,1,0,85,0,0,lankershim
76,1060,"1,016",1118935785900,27.983,"1,319.52",6452470.355,1873996.7,13.9,6.8,2,51.43,-3.02,3,102,208,0,4,2,1,0,85,0,0,lankershim
76,1061,"1,016",1118935786000,28.278,"1,326.96",6452471.24,1874004.122,13.9,6.8,2,51.4,-0.6,3,102,208,0,4,2,1,0,85,0,0,lankershim
76,1062,"1,016",1118935786100,28.561,"1,334.42",6452472.158,1874011.509,13.9,6.8,2,51.39,0.22,3,102,208,0,4,2,1,0,85,0,0,lankershim
76,1063,"1,016",1118935786200,28.861,"1,341.86",6452473.076,1874018.895,13.9,6.8,2,51.39,0.68,3,102,208,0,4,2,1,0,85,0,0,lankershim
76,1064,"1,016",1118935786300,29.182,"1,349.30",6452473.994,1874026.282,13.9,6.8,2,51.39,-11.22,3,102,208,0,4,2,1,0,85,0,0,lankershim
76,1065,"1,016",1118935786400,29.411,"1,356.11",6452474.912,1874033.669,13.9,6.8,2,51.43,-5.63,3,102,208,0,4,2,1,0,85,0,0,lankershim
76,1066,"1,016",1118935786500,29.925,"1,362.29",6452475.874,1874041.08,13.9,6.8,2,51.63,0,3,102,208,0,4,2,1,0,85,0,0,lankershim
76,1067,"1,016",1118935786600,30.704,"1,368.10",6452476.706,1874048.468,13.9,6.8,2,52.09,0,3,102,208,0,4,2,1,0,85,0,0,lankershim
76,1068,"1,016",1118935786700,31.703,"1,373.54",6452477.329,1874055.711,13.9,6.8,2,52.66,15.84,3,102,208,0,4,2,1,0,85,0,0,lankershim
76,1069,"1,016",1118935786800,33.035,"1,379.35",6452477.79,1874062.841,13.9,6.8,2,52.98,11.11,3,102,208,0,4,2,1,0,85,0,0,lankershim
76,1070,"1,016",1118935786900,34.432,"1,385.62",6452478.041,1874069.826,13.9,6.8,2,52.89,4.21,3,102,208,0,4,2,1,0,85,0,0,lankershim
76,1071,"1,016",1118935787000,35.621,"1,392.49",6452478.162,1874076.788,13.9,6.8,2,52.71,-3.76,3,102,208,0,4,2,1,0,85,0,0,lankershim
76,1072,"1,016",1118935787100,36.787,"1,399.37",6452478.328,1874083.774,13.9,6.8,2,52.66,0.4,3,102,208,0,4,2,1,0,85,0,0,lankershim
76,1073,"1,016",1118935787200,37.975,"1,406.26",6452478.493,1874090.761,13.9,6.8,2,52.66,0.03,3,102,208,0,4,2,1,0,85,0,0,lankershim
76,1074,"1,016",1118935787300,39.206,"1,413.19",6452478.658,1874097.747,13.9,6.8,2,52.58,9.36,3,102,208,0,4,2,1,0,85,0,0,lankershim
76,1075,"1,016",1118935787400,40.338,"1,420.73",6452478.824,1874104.733,13.9,6.8,2,52.35,0,3,102,208,0,4,2,1,0,85,0,0,lankershim
76,1076,"1,016",1118935787500,41.31,"1,428.58",6452478.952,1874111.692,13.9,6.8,2,52.1,0,3,102,208,0,4,2,1,0,85,0,0,lankershim
76,1077,"1,016",1118935787600,42.133,"1,436.76",6452479.169,1874118.68,13.9,6.8,2,51.95,-12.28,3,102,208,0,4,2,1,0,85,0,0,lankershim
76,1078,"1,016",1118935787700,42.857,"1,444.54",6452479.583,1874125.845,13.9,6.8,2,51.93,-9.88,3,102,208,0,4,2,1,0,85,0,0,lankershim
76,1079,"1,016",1118935787800,43.697,"1,451.86",6452480.127,1874133.058,13.9,6.8,2,51.97,-10.91,3,102,208,0,4,2,1,0,85,0,0,lankershim
76,1080,"1,016",1118935787900,44.613,"1,458.45",6452480.9,1874139.341,13.9,6.8,2,51.92,-14.07,3,102,208,0,4,2,1,0,85,0,0,lankershim
76,1081,"1,016",1118935788000,45.379,"1,464.61",6452481.397,1874145.241,13.9,6.8,2,51.77,-15.84,3,102,208,0,4,2,1,0,85,0,0,lankershim
76,1082,"1,016",1118935788100,46.023,"1,470.41",6452481.788,1874150.836,13.9,6.8,2,51.62,0,3,102,208,0,4,2,1,0,85,0,0,lankershim
76,1083,"1,016",1118935788200,46.487,"1,476.63",6452481.952,1874156.773,13.9,6.8,2,51.55,10.77,3,102,208,0,4,2,1,0,85,0,0,lankershim
76,1084,"1,016",1118935788300,46.946,"1,483.17",6452482.106,1874163.174,13.9,6.8,2,51.53,11.24,3,102,208,0,0,2,1,0,85,0,0,lankershim
76,1085,"1,016",1118935788400,47.494,"1,490.19",6452482.318,1874170.479,13.9,6.8,2,51.48,6.81,3,102,208,4,0,2,1,0,85,0,0,lankershim
76,1086,"1,016",1118935788500,47.805,"1,497.80",6452482.581,1874178.013,13.9,6.8,2,51.36,0,3,102,208,4,0,2,1,0,85,0,0,lankershim
76,1087,"1,016",1118935788600,47.863,"1,505.70",6452482.608,1874185.374,13.9,6.8,2,51.3,14.78,3,102,208,4,0,2,1,0,85,0,0,lankershim
76,1088,"1,016",1118935788700,47.633,"1,513.77",6452482.395,1874192.513,13.9,6.8,2,51.47,0,3,102,208,4,0,2,1,0,85,0,0,lankershim
76,1089,"1,016",1118935788800,47.093,"1,521.39",6452481.955,1874199.463,13.9,6.8,2,51.8,0,3,102,208,4,0,2,1,0,85,0,0,lankershim
76,1090,"1,016",1118935788900,46.307,"1,528.66",6452481.273,1874206.193,13.9,6.8,2,52.08,0,3,102,208,4,0,2,1,0,85,0,0,lankershim
76,1091,"1,016",1118935789000,45.321,"1,535.39",6452480.357,1874212.747,13.9,6.8,2,52.25,3.07,3,102,208,4,0,2,1,0,85,0,0,lankershim
76,1092,"1,016",1118935789100,44.262,"1,541.94",6452479.503,1874219.351,13.9,6.8,2,52.32,0.14,3,102,208,4,0,2,1,0,85,0,0,lankershim
76,1093,"1,016",1118935789200,43.218,"1,548.51",6452478.649,1874225.952,13.9,6.8,2,52.31,-1.16,3,102,208,4,0,2,1,0,85,0,0,lankershim
76,1094,"1,016",1118935789300,42.214,"1,555.08",6452477.795,1874232.551,13.9,6.8,2,52.31,0.83,3,102,208,4,0,2,1,0,85,0,0,lankershim
76,1095,"1,016",1118935789400,41.228,"1,561.66",6452476.941,1874239.148,13.9,6.8,2,52.42,7.76,3,102,208,4,0,2,1,0,85,0,0,lankershim
76,1096,"1,016",1118935789500,40.101,"1,568.23",6452476.163,1874245.743,13.9,6.8,2,52.69,11.18,3,102,208,4,0,2,1,0,85,0,0,lankershim
76,1097,"1,016",1118935789600,38.776,"1,574.79",6452475.067,1874252.335,13.9,6.8,2,53.21,11.16,3,102,208,4,0,2,1,0,85,0,0,lankershim
76,1098,"1,016",1118935789700,37.214,"1,581.29",6452473.703,1874258.926,13.9,6.8,2,54.02,0,3,102,208,4,0,2,1,0,85,0,0,lankershim
76,1099,"1,016",1118935789800,35.455,"1,587.00",6452472.059,1874265.513,13.9,6.8,2,54.63,0,3,102,208,4,0,2,1,0,85,0,0,lankershim
76,1100,"1,016",1118935789900,33.514,"1,591.89",6452470.147,1874272.096,13.9,6.8,2,47.62,-15.84,3,102,208,4,0,2,1,0,85,0,0,lankershim
76,1101,"1,016",1118935790000,32.123,"1,596.34",6452467.916,1874278.672,13.9,6.8,2,41.93,-11.65,3,102,208,0,5,2,1,0,85,0,0,lankershim
76,1102,"1,016",1118935790100,31.112,"1,600.78",6452465.764,1874285.242,13.9,6.8,2,45.14,0,3,102,208,0,5,2,1,0,85,0,0,lankershim
76,1103,"1,016",1118935790200,30.533,"1,605.77",6452463.613,1874291.807,13.9,6.8,2,51.37,0,3,102,208,0,5,2,1,0,85,0,0,lankershim
76,1104,"1,016",1118935790300,30.434,"1,611.49",6452461.464,1874298.365,13.9,6.8,2,51.37,0,3,102,208,0,5,2,1,0,85,0,0,lankershim
76,1105,"1,016",1118935790400,30.315,"1,618.38",6452459.317,1874304.918,13.9,6.8,2,51.37,0,3,102,208,0,5,2,1,0,85,0,0,lankershim
76,1106,"1,016",1118935790500,30.196,"1,625.27",6452457.172,1874311.465,13.9,6.8,2,51.37,0,3,102,208,0,5,2,1,0,85,0,0,lankershim
